"truegraph";"graph_nNode";"graph_nCluster";"graph_sparsity";"graph_avg_abs_weight";"graph_sd_weight";"smallworld";"APL";"strength_sd"
"DASS_ggmModSelect_stepwise";21;3;0.414965986394558;0.077238617713209;0.063620190214728;1.17436361298372;1.38571428571429;0.137571783406493
"MAGNA_PTSD";17;1;0.460207612456747;0.0935478447036022;0.073077455283423;1.1030661311899;1.43382352941176;0.127555487690743
"psychTools_bfi_ggmModSelect_stepwise";25;5;0.6416;0.125622184600598;0.130734778424339;1.09552487610481;1.63333333333333;0.198495599269472
